[
  {
    "country": "Afghanistan",
    "code": "af",
    "region": "Asia",
    "capitals": [
      "Kabul"
    ]
  },
  {
    "country": "Albania",
    "code": "al",
    "region": "Europe",
    "capitals": [
      "Tirana"
    ]
  },
  {
    "country": "Algeria",
    "code": "dz",
    "region": "Africa",
    "capitals": [
      "Algiers"
    ]
  },
  {
    "country": "Andorra",
    "code": "ad",
    "region": "Europe",
    "capitals": [
      "Andorra la Vella"
    ]
  },
  {
    "country": "Angola",
    "code": "ao",
    "region": "Africa",
    "capitals": [
      "Luanda"
    ]
  },
  {
    "country": "Antigua and Barbuda",
    "code": "ag",
    "region": "North America",
    "capitals": [
      "Saint John's"
    ]
  },
  {
    "country": "Argentina",
    "code": "ar",
    "region": "South America",
    "capitals": [
      "Buenos Aires"
    ]
  },
  {
    "country": "Armenia",
    "code": "am",
    "region": "Asia",
    "capitals": [
      "Yerevan"
    ]
  },
  {
    "country": "Australia",
    "code": "au",
    "region": "Oceania",
    "capitals": [
      "Canberra"
    ]
  },
  {
    "country": "Austria",
    "code": "at",
    "region": "Europe",
    "capitals": [
      "Vienna"
    ]
  },
  {
    "country": "Azerbaijan",
    "code": "az",
    "region": "Asia",
    "capitals": [
      "Baku"
    ]
  },
  {
    "country": "Bahamas",
    "code": "bs",
    "region": "North America",
    "capitals": [
      "Nassau"
    ]
  },
  {
    "country": "Bahrain",
    "code": "bh",
    "region": "Asia",
    "capitals": [
      "Manama"
    ]
  },
  {
    "country": "Bangladesh",
    "code": "bd",
    "region": "Asia",
    "capitals": [
      "Dhaka"
    ]
  },
  {
    "country": "Barbados",
    "code": "bb",
    "region": "North America",
    "capitals": [
      "Bridgetown"
    ]
  },
  {
    "country": "Belarus",
    "code": "by",
    "region": "Europe",
    "capitals": [
      "Minsk"
    ]
  },
  {
    "country": "Belgium",
    "code": "be",
    "region": "Europe",
    "capitals": [
      "Brussels"
    ]
  },
  {
    "country": "Belize",
    "code": "bz",
    "region": "North America",
    "capitals": [
      "Belmopan"
    ]
  },
  {
    "country": "Benin",
    "code": "bj",
    "region": "Africa",
    "capitals": [
      "Porto-Novo",
      "Cotonou"
    ]
  },
  {
    "country": "Bhutan",
    "code": "bt",
    "region": "Asia",
    "capitals": [
      "Thimphu"
    ]
  },
  {
    "country": "Bolivia",
    "code": "bo",
    "region": "South America",
    "capitals": [
      "La Paz",
      "Sucre"
    ]
  },
  {
    "country": "Bosnia and Herzegovina",
    "code": "ba",
    "region": "Europe",
    "capitals": [
      "Sarajevo"
    ]
  },
  {
    "country": "Botswana",
    "code": "bw",
    "region": "Africa",
    "capitals": [
      "Gaborone"
    ]
  },
  {
    "country": "Brazil",
    "code": "br",
    "region": "South America",
    "capitals": [
      "Brasília"
    ]
  },
  {
    "country": "Brunei",
    "code": "bn",
    "region": "Asia",
    "capitals": [
      "Bandar Seri Begawan"
    ]
  },
  {
    "country": "Bulgaria",
    "code": "bg",
    "region": "Europe",
    "capitals": [
      "Sofia"
    ]
  },
  {
    "country": "Burkina Faso",
    "code": "bf",
    "region": "Africa",
    "capitals": [
      "Ouagadougou"
    ]
  },
  {
    "country": "Burundi",
    "code": "bi",
    "region": "Africa",
    "capitals": [
      "Gitega"
    ]
  },
  {
    "country": "Cambodia",
    "code": "kh",
    "region": "Asia",
    "capitals": [
      "Phnom Penh"
    ]
  },
  {
    "country": "Cameroon",
    "code": "cm",
    "region": "Africa",
    "capitals": [
      "Yaoundé"
    ]
  },
  {
    "country": "Canada",
    "code": "ca",
    "region": "North America",
    "capitals": [
      "Ottawa"
    ]
  },
  {
    "country": "Cabo Verde",
    "code": "cv",
    "region": "Africa",
    "capitals": [
      "Praia"
    ]
  },
  {
    "country": "Central African Republic",
    "code": "cf",
    "region": "Africa",
    "capitals": [
      "Bangui"
    ]
  },
  {
    "country": "Chad",
    "code": "td",
    "region": "Africa",
    "capitals": [
      "N'Djamena"
    ]
  },
  {
    "country": "Chile",
    "code": "cl",
    "region": "South America",
    "capitals": [
      "Santiago"
    ]
  },
  {
    "country": "China",
    "code": "cn",
    "region": "Asia",
    "capitals": [
      "Beijing"
    ]
  },
  {
    "country": "Colombia",
    "code": "co",
    "region": "South America",
    "capitals": [
      "Bogotá"
    ]
  },
  {
    "country": "Comoros",
    "code": "km",
    "region": "Africa",
    "capitals": [
      "Moroni"
    ]
  },
  {
    "country": "Costa Rica",
    "code": "cr",
    "region": "North America",
    "capitals": [
      "San José"
    ]
  },
  {
    "country": "Croatia",
    "code": "hr",
    "region": "Europe",
    "capitals": [
      "Zagreb"
    ]
  },
  {
    "country": "Cuba",
    "code": "cu",
    "region": "North America",
    "capitals": [
      "Havana"
    ]
  },
  {
    "country": "Cyprus",
    "code": "cy",
    "region": "Asia",
    "capitals": [
      "Nicosia"
    ]
  },
  {
    "country": "Czech Republic",
    "code": "cz",
    "region": "Europe",
    "capitals": [
      "Prague"
    ]
  },
  {
    "country": "Democratic Republic of the Congo",
    "code": "cd",
    "region": "Africa",
    "capitals": [
      "Kinshasa"
    ]
  },
  {
    "country": "Denmark",
    "code": "dk",
    "region": "Europe",
    "capitals": [
      "Copenhagen"
    ]
  },
  {
    "country": "Djibouti",
    "code": "dj",
    "region": "Africa",
    "capitals": [
      "Djibouti"
    ]
  },
  {
    "country": "Dominica",
    "code": "dm",
    "region": "North America",
    "capitals": [
      "Roseau"
    ]
  },
  {
    "country": "Dominican Republic",
    "code": "do",
    "region": "North America",
    "capitals": [
      "Santo Domingo"
    ]
  },
  {
    "country": "East Timor",
    "code": "tl",
    "region": "Asia",
    "capitals": [
      "Dili"
    ]
  },
  {
    "country": "Ecuador",
    "code": "ec",
    "region": "South America",
    "capitals": [
      "Quito"
    ]
  },
  {
    "country": "Egypt",
    "code": "eg",
    "region": "Africa",
    "capitals": [
      "Cairo"
    ]
  },
  {
    "country": "El Salvador",
    "code": "sv",
    "region": "North America",
    "capitals": [
      "San Salvador"
    ]
  },
  {
    "country": "Equatorial Guinea",
    "code": "gq",
    "region": "Africa",
    "capitals": [
      "Malabo"
    ]
  },
  {
    "country": "Eritrea",
    "code": "er",
    "region": "Africa",
    "capitals": [
      "Asmara"
    ]
  },
  {
    "country": "Estonia",
    "code": "ee",
    "region": "Europe",
    "capitals": [
      "Tallinn"
    ]
  },
  {
    "country": "Eswatini",
    "code": "sz",
    "region": "Africa",
    "capitals": [
      "Mbabane"
    ]
  },
  {
    "country": "Ethiopia",
    "code": "et",
    "region": "Africa",
    "capitals": [
      "Addis Ababa"
    ]
  },
  {
    "country": "Federated States of Micronesia",
    "code": "fm",
    "region": "Oceania",
    "capitals": [
      "Palikir"
    ]
  },
  {
    "country": "Fiji",
    "code": "fj",
    "region": "Oceania",
    "capitals": [
      "Suva"
    ]
  },
  {
    "country": "Finland",
    "code": "fi",
    "region": "Europe",
    "capitals": [
      "Helsinki"
    ]
  },
  {
    "country": "France",
    "code": "fr",
    "region": "Europe",
    "capitals": [
      "Paris"
    ]
  },
  {
    "country": "Gabon",
    "code": "ga",
    "region": "Africa",
    "capitals": [
      "Libreville"
    ]
  },
  {
    "country": "Gambia",
    "code": "gm",
    "region": "Africa",
    "capitals": [
      "Banjul"
    ]
  },
  {
    "country": "Georgia",
    "code": "ge",
    "region": "Asia",
    "capitals": [
      "Tbilisi"
    ]
  },
  {
    "country": "Germany",
    "code": "de",
    "region": "Europe",
    "capitals": [
      "Berlin"
    ]
  },
  {
    "country": "Ghana",
    "code": "gh",
    "region": "Africa",
    "capitals": [
      "Accra"
    ]
  },
  {
    "country": "Greece",
    "code": "gr",
    "region": "Europe",
    "capitals": [
      "Athens"
    ]
  },
  {
    "country": "Grenada",
    "code": "gd",
    "region": "North America",
    "capitals": [
      "Saint George's"
    ]
  },
  {
    "country": "Guatemala",
    "code": "gt",
    "region": "North America",
    "capitals": [
      "Guatemala City"
    ]
  },
  {
    "country": "Guinea",
    "code": "gn",
    "region": "Africa",
    "capitals": [
      "Conakry"
    ]
  },
  {
    "country": "Guinea-Bissau",
    "code": "gw",
    "region": "Africa",
    "capitals": [
      "Bissau"
    ]
  },
  {
    "country": "Guyana",
    "code": "gy",
    "region": "South America",
    "capitals": [
      "Georgetown"
    ]
  },
  {
    "country": "Haiti",
    "code": "ht",
    "region": "North America",
    "capitals": [
      "Port-au-Prince"
    ]
  },
  {
    "country": "Honduras",
    "code": "hn",
    "region": "North America",
    "capitals": [
      "Tegucigalpa"
    ]
  },
  {
    "country": "Hungary",
    "code": "hu",
    "region": "Europe",
    "capitals": [
      "Budapest"
    ]
  },
  {
    "country": "Iceland",
    "code": "is",
    "region": "Europe",
    "capitals": [
      "Reykjavík"
    ]
  },
  {
    "country": "India",
    "code": "in",
    "region": "Asia",
    "capitals": [
      "New Delhi"
    ]
  },
  {
    "country": "Indonesia",
    "code": "id",
    "region": "Asia",
    "capitals": [
      "Jakarta"
    ]
  },
  {
    "country": "Iran",
    "code": "ir",
    "region": "Asia",
    "capitals": [
      "Tehran"
    ]
  },
  {
    "country": "Iraq",
    "code": "iq",
    "region": "Asia",
    "capitals": [
      "Baghdad"
    ]
  },
  {
    "country": "Ireland",
    "code": "ie",
    "region": "Europe",
    "capitals": [
      "Dublin"
    ]
  },
  {
    "country": "Israel",
    "code": "il",
    "region": "Asia",
    "capitals": [
      "Jerusalem"
    ]
  },
  {
    "country": "Italy",
    "code": "it",
    "region": "Europe",
    "capitals": [
      "Rome"
    ]
  },
  {
    "country": "Ivory Coast",
    "code": "ci",
    "region": "Africa",
    "capitals": [
      "Yamoussoukro"
    ]
  },
  {
    "country": "Jamaica",
    "code": "jm",
    "region": "North America",
    "capitals": [
      "Kingston"
    ]
  },
  {
    "country": "Japan",
    "code": "jp",
    "region": "Asia",
    "capitals": [
      "Tokyo"
    ]
  },
  {
    "country": "Jordan",
    "code": "jo",
    "region": "Asia",
    "capitals": [
      "Amman"
    ]
  },
  {
    "country": "Kazakhstan",
    "code": "kz",
    "region": "Asia",
    "capitals": [
      "Astana"
    ]
  },
  {
    "country": "Kenya",
    "code": "ke",
    "region": "Africa",
    "capitals": [
      "Nairobi"
    ]
  },
  {
    "country": "Kiribati",
    "code": "ki",
    "region": "Oceania",
    "capitals": [
      "South Tarawa"
    ]
  },
  {
    "country": "Kosovo",
    "code": "xk",
    "region": "Europe",
    "capitals": [
      "Pristina"
    ]
  },
  {
    "country": "Kuwait",
    "code": "kw",
    "region": "Asia",
    "capitals": [
      "Kuwait City"
    ]
  },
  {
    "country": "Kyrgyzstan",
    "code": "kg",
    "region": "Asia",
    "capitals": [
      "Bishkek"
    ]
  },
  {
    "country": "Laos",
    "code": "la",
    "region": "Asia",
    "capitals": [
      "Vientiane"
    ]
  },
  {
    "country": "Latvia",
    "code": "lv",
    "region": "Europe",
    "capitals": [
      "Riga"
    ]
  },
  {
    "country": "Lebanon",
    "code": "lb",
    "region": "Asia",
    "capitals": [
      "Beirut"
    ]
  },
  {
    "country": "Lesotho",
    "code": "ls",
    "region": "Africa",
    "capitals": [
      "Maseru"
    ]
  },
  {
    "country": "Liberia",
    "code": "lr",
    "region": "Africa",
    "capitals": [
      "Monrovia"
    ]
  },
  {
    "country": "Libya",
    "code": "ly",
    "region": "Africa",
    "capitals": [
      "Tripoli"
    ]
  },
  {
    "country": "Liechtenstein",
    "code": "li",
    "region": "Europe",
    "capitals": [
      "Vaduz"
    ]
  },
  {
    "country": "Lithuania",
    "code": "lt",
    "region": "Europe",
    "capitals": [
      "Vilnius"
    ]
  },
  {
    "country": "Luxembourg",
    "code": "lu",
    "region": "Europe",
    "capitals": [
      "Luxembourg"
    ]
  },
  {
    "country": "Madagascar",
    "code": "mg",
    "region": "Africa",
    "capitals": [
      "Antananarivo"
    ]
  },
  {
    "country": "Malawi",
    "code": "mw",
    "region": "Africa",
    "capitals": [
      "Lilongwe"
    ]
  },
  {
    "country": "Malaysia",
    "code": "my",
    "region": "Asia",
    "capitals": [
      "Kuala Lumpur"
    ]
  },
  {
    "country": "Maldives",
    "code": "mv",
    "region": "Asia",
    "capitals": [
      "Malé"
    ]
  },
  {
    "country": "Mali",
    "code": "ml",
    "region": "Africa",
    "capitals": [
      "Bamako"
    ]
  },
  {
    "country": "Malta",
    "code": "mt",
    "region": "Europe",
    "capitals": [
      "Valletta"
    ]
  },
  {
    "country": "Marshall Islands",
    "code": "mh",
    "region": "Oceania",
    "capitals": [
      "Majuro"
    ]
  },
  {
    "country": "Mauritania",
    "code": "mr",
    "region": "Africa",
    "capitals": [
      "Nouakchott"
    ]
  },
  {
    "country": "Mauritius",
    "code": "mu",
    "region": "Africa",
    "capitals": [
      "Port Louis"
    ]
  },
  {
    "country": "Mexico",
    "code": "mx",
    "region": "North America",
    "capitals": [
      "Mexico City"
    ]
  },
  {
    "country": "Moldova",
    "code": "md",
    "region": "Europe",
    "capitals": [
      "Chișinău"
    ]
  },
  {
    "country": "Monaco",
    "code": "mc",
    "region": "Europe",
    "capitals": [
      "Monaco"
    ]
  },
  {
    "country": "Mongolia",
    "code": "mn",
    "region": "Asia",
    "capitals": [
      "Ulaanbaatar"
    ]
  },
  {
    "country": "Montenegro",
    "code": "me",
    "region": "Europe",
    "capitals": [
      "Podgorica"
    ]
  },
  {
    "country": "Morocco",
    "code": "ma",
    "region": "Africa",
    "capitals": [
      "Rabat"
    ]
  },
  {
    "country": "Mozambique",
    "code": "mz",
    "region": "Africa",
    "capitals": [
      "Maputo"
    ]
  },
  {
    "country": "Myanmar",
    "code": "mm",
    "region": "Asia",
    "capitals": [
      "Naypyidaw"
    ]
  },
  {
    "country": "Namibia",
    "code": "na",
    "region": "Africa",
    "capitals": [
      "Windhoek"
    ]
  },
  {
    "country": "Nauru",
    "code": "nr",
    "region": "Oceania",
    "capitals": [
      "Yaren"
    ]
  },
  {
    "country": "Nepal",
    "code": "np",
    "region": "Asia",
    "capitals": [
      "Kathmandu"
    ]
  },
  {
    "country": "Netherlands",
    "code": "nl",
    "region": "Europe",
    "capitals": [
      "Amsterdam"
    ]
  },
  {
    "country": "New Zealand",
    "code": "nz",
    "region": "Oceania",
    "capitals": [
      "Wellington"
    ]
  },
  {
    "country": "Nicaragua",
    "code": "ni",
    "region": "North America",
    "capitals": [
      "Managua"
    ]
  },
  {
    "country": "Niger",
    "code": "ne",
    "region": "Africa",
    "capitals": [
      "Niamey"
    ]
  },
  {
    "country": "Nigeria",
    "code": "ng",
    "region": "Africa",
    "capitals": [
      "Abuja"
    ]
  },
  {
    "country": "North Korea",
    "code": "kp",
    "region": "Asia",
    "capitals": [
      "Pyongyang"
    ]
  },
  {
    "country": "North Macedonia",
    "code": "mk",
    "region": "Europe",
    "capitals": [
      "Skopje"
    ]
  },
  {
    "country": "Norway",
    "code": "no",
    "region": "Europe",
    "capitals": [
      "Oslo"
    ]
  },
  {
    "country": "Oman",
    "code": "om",
    "region": "Asia",
    "capitals": [
      "Muscat"
    ]
  },
  {
    "country": "Pakistan",
    "code": "pk",
    "region": "Asia",
    "capitals": [
      "Islamabad"
    ]
  },
  {
    "country": "Palau",
    "code": "pw",
    "region": "Oceania",
    "capitals": [
      "Ngerulmud"
    ]
  },
  {
    "country": "Panama",
    "code": "pa",
    "region": "North America",
    "capitals": [
      "Panama City"
    ]
  },
  {
    "country": "Papua New Guinea",
    "code": "pg",
    "region": "Oceania",
    "capitals": [
      "Port Moresby"
    ]
  },
  {
    "country": "Paraguay",
    "code": "py",
    "region": "South America",
    "capitals": [
      "Asunción"
    ]
  },
  {
    "country": "Peru",
    "code": "pe",
    "region": "South America",
    "capitals": [
      "Lima"
    ]
  },
  {
    "country": "Philippines",
    "code": "ph",
    "region": "Asia",
    "capitals": [
      "Manila"
    ]
  },
  {
    "country": "Poland",
    "code": "pl",
    "region": "Europe",
    "capitals": [
      "Warsaw"
    ]
  },
  {
    "country": "Portugal",
    "code": "pt",
    "region": "Europe",
    "capitals": [
      "Lisbon"
    ]
  },
  {
    "country": "Qatar",
    "code": "qa",
    "region": "Asia",
    "capitals": [
      "Doha"
    ]
  },
  {
    "country": "Republic of the Congo",
    "code": "cg",
    "region": "Africa",
    "capitals": [
      "Brazzaville"
    ]
  },
  {
    "country": "Romania",
    "code": "ro",
    "region": "Europe",
    "capitals": [
      "Bucharest"
    ]
  },
  {
    "country": "Russia",
    "code": "ru",
    "region": "Europe",
    "capitals": [
      "Moscow"
    ]
  },
  {
    "country": "Rwanda",
    "code": "rw",
    "region": "Africa",
    "capitals": [
      "Kigali"
    ]
  },
  {
    "country": "Saint Kitts and Nevis",
    "code": "kn",
    "region": "North America",
    "capitals": [
      "Basseterre"
    ]
  },
  {
    "country": "Saint Lucia",
    "code": "lc",
    "region": "North America",
    "capitals": [
      "Castries"
    ]
  },
  {
    "country": "Saint Vincent and the Grenadines",
    "code": "vc",
    "region": "North America",
    "capitals": [
      "Kingstown"
    ]
  },
  {
    "country": "Samoa",
    "code": "ws",
    "region": "Oceania",
    "capitals": [
      "Apia"
    ]
  },
  {
    "country": "San Marino",
    "code": "sm",
    "region": "Europe",
    "capitals": [
      "San Marino"
    ]
  },
  {
    "country": "São Tomé and Príncipe",
    "code": "st",
    "region": "Africa",
    "capitals": [
      "São Tomé"
    ]
  },
  {
    "country": "Saudi Arabia",
    "code": "sa",
    "region": "Asia",
    "capitals": [
      "Riyadh"
    ]
  },
  {
    "country": "Senegal",
    "code": "sn",
    "region": "Africa",
    "capitals": [
      "Dakar"
    ]
  },
  {
    "country": "Serbia",
    "code": "rs",
    "region": "Europe",
    "capitals": [
      "Belgrade"
    ]
  },
  {
    "country": "Seychelles",
    "code": "sc",
    "region": "Africa",
    "capitals": [
      "Victoria"
    ]
  },
  {
    "country": "Sierra Leone",
    "code": "sl",
    "region": "Africa",
    "capitals": [
      "Freetown"
    ]
  },
  {
    "country": "Singapore",
    "code": "sg",
    "region": "Asia",
    "capitals": [
      "Singapore"
    ]
  },
  {
    "country": "Slovakia",
    "code": "sk",
    "region": "Europe",
    "capitals": [
      "Bratislava"
    ]
  },
  {
    "country": "Slovenia",
    "code": "si",
    "region": "Europe",
    "capitals": [
      "Ljubljana"
    ]
  },
  {
    "country": "Solomon Islands",
    "code": "sb",
    "region": "Oceania",
    "capitals": [
      "Honiara"
    ]
  },
  {
    "country": "Somalia",
    "code": "so",
    "region": "Africa",
    "capitals": [
      "Mogadishu"
    ]
  },
  {
    "country": "South Africa",
    "code": "za",
    "region": "Africa",
    "capitals": [
      "Pretoria",
      "Cape Town",
      "Bloemfontein"
    ]
  },
  {
    "country": "South Korea",
    "code": "kr",
    "region": "Asia",
    "capitals": [
      "Seoul"
    ]
  },
  {
    "country": "South Sudan",
    "code": "ss",
    "region": "Africa",
    "capitals": [
      "Juba"
    ]
  },
  {
    "country": "Spain",
    "code": "es",
    "region": "Europe",
    "capitals": [
      "Madrid"
    ]
  },
  {
    "country": "Sri Lanka",
    "code": "lk",
    "region": "Asia",
    "capitals": [
      "Sri Jayawardenepura Kotte"
    ]
  },
  {
    "country": "Sudan",
    "code": "sd",
    "region": "Africa",
    "capitals": [
      "Khartoum"
    ]
  },
  {
    "country": "Suriname",
    "code": "sr",
    "region": "South America",
    "capitals": [
      "Paramaribo"
    ]
  },
  {
    "country": "Sweden",
    "code": "se",
    "region": "Europe",
    "capitals": [
      "Stockholm"
    ]
  },
  {
    "country": "Switzerland",
    "code": "ch",
    "region": "Europe",
    "capitals": [
      "Bern"
    ]
  },
  {
    "country": "Syria",
    "code": "sy",
    "region": "Asia",
    "capitals": [
      "Damascus"
    ]
  },
  {
    "country": "Taiwan",
    "code": "tw",
    "region": "Asia",
    "capitals": [
      "Taipei"
    ]
  },
  {
    "country": "Tajikistan",
    "code": "tj",
    "region": "Asia",
    "capitals": [
      "Dushanbe"
    ]
  },
  {
    "country": "Tanzania",
    "code": "tz",
    "region": "Africa",
    "capitals": [
      "Dodoma"
    ]
  },
  {
    "country": "Thailand",
    "code": "th",
    "region": "Asia",
    "capitals": [
      "Bangkok"
    ]
  },
  {
    "country": "Togo",
    "code": "tg",
    "region": "Africa",
    "capitals": [
      "Lomé"
    ]
  },
  {
    "country": "Tonga",
    "code": "to",
    "region": "Oceania",
    "capitals": [
      "Nuku'alofa"
    ]
  },
  {
    "country": "Trinidad and Tobago",
    "code": "tt",
    "region": "North America",
    "capitals": [
      "Port-of-Spain"
    ]
  },
  {
    "country": "Tunisia",
    "code": "tn",
    "region": "Africa",
    "capitals": [
      "Tunis"
    ]
  },
  {
    "country": "Turkey",
    "code": "tr",
    "region": "Asia",
    "capitals": [
      "Ankara"
    ]
  },
  {
    "country": "Turkmenistan",
    "code": "tm",
    "region": "Asia",
    "capitals": [
      "Ashgabat"
    ]
  },
  {
    "country": "Tuvalu",
    "code": "tv",
    "region": "Oceania",
    "capitals": [
      "Funafuti"
    ]
  },
  {
    "country": "Uganda",
    "code": "ug",
    "region": "Africa",
    "capitals": [
      "Kampala"
    ]
  },
  {
    "country": "Ukraine",
    "code": "ua",
    "region": "Europe",
    "capitals": [
      "Kyiv"
    ]
  },
  {
    "country": "United Arab Emirates",
    "code": "ae",
    "region": "Asia",
    "capitals": [
      "Abu Dhabi"
    ]
  },
  {
    "country": "United Kingdom",
    "code": "gb",
    "region": "Europe",
    "capitals": [
      "London"
    ]
  },
  {
    "country": "United States",
    "code": "us",
    "region": "North America",
    "capitals": [
      "Washington D.C."
    ]
  },
  {
    "country": "Uruguay",
    "code": "uy",
    "region": "South America",
    "capitals": [
      "Montevideo"
    ]
  },
  {
    "country": "Uzbekistan",
    "code": "uz",
    "region": "Asia",
    "capitals": [
      "Tashkent"
    ]
  },
  {
    "country": "Vanuatu",
    "code": "vu",
    "region": "Oceania",
    "capitals": [
      "Port Vila"
    ]
  },
  {
    "country": "Vatican City",
    "code": "va",
    "region": "Europe",
    "capitals": [
      "Vatican City"
    ]
  },
  {
    "country": "Venezuela",
    "code": "ve",
    "region": "South America",
    "capitals": [
      "Caracas"
    ]
  },
  {
    "country": "Vietnam",
    "code": "vn",
    "region": "Asia",
    "capitals": [
      "Hanoi"
    ]
  },
  {
    "country": "Yemen",
    "code": "ye",
    "region": "Asia",
    "capitals": [
      "Sana'a"
    ]
  },
  {
    "country": "Zambia",
    "code": "zm",
    "region": "Africa",
    "capitals": [
      "Lusaka"
    ]
  },
  {
    "country": "Zimbabwe",
    "code": "zw",
    "region": "Africa",
    "capitals": [
      "Harare"
    ]
  }
]